{"overall_acc": 0.6606529209621993, "category_acc": {"action_recognition": 0.8518518518518519, "attribute_comparison": 0.5454545454545454, "attribute_recognition": 0.8783783783783784, "celebrity_recognition": 0.8585858585858586, "function_reasoning": 0.7341772151898734, "future_prediction": 0.45, "identity_reasoning": 0.9111111111111111, "image_emotion": 0.84, "image_quality": 0.4716981132075472, "image_scene": 0.9519230769230769, "image_style": 0.7358490566037735, "image_topic": 0.8055555555555556, "nature_relation": 0.4583333333333333, "object_localization": 0.4691358024691358, "ocr": 0.5897435897435898, "physical_property_reasoning": 0.4666666666666667, "physical_relation": 0.5416666666666666, "social_relation": 0.8837209302325582, "spatial_relationship": 0.13333333333333333, "structuralized_imagetext_understanding": 0.2948717948717949}, "l2_category_acc": {"attribute_reasoning": 0.6733668341708543, "coarse_perception": 0.7905405405405406, "finegrained_perception (cross-instance)": 0.5314685314685315, "finegrained_perception (instance-level)": 0.7201365187713311, "logic_reasoning": 0.3474576271186441, "relation_reasoning": 0.6347826086956522}}