Model_1,Model_2,Model_3,Model_4,Model_5,Model_6,Model_7,Model_8,Model_9,Model_10
182.95791657214625,201.46815061505117,196.35025107756644,162.41236332381658,186.08832933109505,192.49304965556064,169.64266823893837,175.2155943504974,186.65284964323354,188.0998300865304
